IndicatorType,IndicatorValue,ExpirationTime,Action,Severity,Title,Description,RecommendedActions,RbacGroups,Category,MitreTechniques,GenerateAlert
IpAddress,174.68.179.174,,Block,High,Apache Log4j RCE Attempt,Apache Log4j RCE Attempt,,,SuspiciousActivity,,TRUE
IpAddress,186.33.68.35,,Block,High,Apache Log4j RCE Attempt,Apache Log4j RCE Attempt,,,SuspiciousActivity,,TRUE
IpAddress,23.183.83.188,,Block,High,Apache Log4j RCE Attempt,Apache Log4j RCE Attempt,,,SuspiciousActivity,,TRUE
IpAddress,45.61.185.69,,Block,High,Apache Log4j RCE Attempt,Apache Log4j RCE Attempt,,,SuspiciousActivity,,TRUE
IpAddress,43.131.23.41,,Block,High,Apache Log4j RCE Attempt,Apache Log4j RCE Attempt,,,SuspiciousActivity,,TRUE
IpAddress,157.230.216.203,,Block,High,Apache Log4j RCE Attempt,Apache Log4j RCE Attempt,,,SuspiciousActivity,,TRUE
IpAddress,45.61.187.76,,Block,High,Apache Log4j RCE Attempt,Apache Log4j RCE Attempt,,,SuspiciousActivity,,TRUE
IpAddress,116.58.254.185,,Block,High,Apache Log4j RCE Attempt,Apache Log4j RCE Attempt,,,SuspiciousActivity,,TRUE
IpAddress,185.220.205.196,,Block,High,Apache Log4j RCE Attempt,Apache Log4j RCE Attempt,,,SuspiciousActivity,,TRUE
IpAddress,165.227.55.9,,Block,High,Apache Log4j RCE Attempt,Apache Log4j RCE Attempt,,,SuspiciousActivity,,TRUE
IpAddress,199.19.224.76,,Block,High,Apache Log4j RCE Attempt,Apache Log4j RCE Attempt,,,SuspiciousActivity,,TRUE
IpAddress,206.189.51.64,,Block,High,Apache Log4j RCE Attempt,Apache Log4j RCE Attempt,,,SuspiciousActivity,,TRUE
IpAddress,23.183.82.177,,Block,High,Apache Log4j RCE Attempt,Apache Log4j RCE Attempt,,,SuspiciousActivity,,TRUE
IpAddress,113.31.125.232,,Block,High,Apache Log4j RCE Attempt,Apache Log4j RCE Attempt,,,SuspiciousActivity,,TRUE
IpAddress,74.82.47.2,,Block,High,Apache Log4j RCE Attempt,Apache Log4j RCE Attempt,,,SuspiciousActivity,,TRUE
IpAddress,93.160.62.190,,Block,High,Apache Log4j RCE Attempt,Apache Log4j RCE Attempt,,,SuspiciousActivity,,TRUE
IpAddress,46.249.33.123,,Block,High,Apache Log4j RCE Attempt,Apache Log4j RCE Attempt,,,SuspiciousActivity,,TRUE
IpAddress,159.89.150.92,,Block,High,Apache Log4j RCE Attempt,Apache Log4j RCE Attempt,,,SuspiciousActivity,,TRUE
IpAddress,60.217.75.69,,Block,High,Apache Log4j RCE Attempt,Apache Log4j RCE Attempt,,,SuspiciousActivity,,TRUE
IpAddress,74.82.47.5,,Block,High,Apache Log4j RCE Attempt,Apache Log4j RCE Attempt,,,SuspiciousActivity,,TRUE
IpAddress,186.33.69.92,,Block,High,Apache Log4j RCE Attempt,Apache Log4j RCE Attempt,,,SuspiciousActivity,,TRUE
IpAddress,139.59.232.244,,Block,High,Apache Log4j RCE Attempt,Apache Log4j RCE Attempt,,,SuspiciousActivity,,TRUE
IpAddress,136.144.41.117,,Block,High,Apache Log4j RCE Attempt,Apache Log4j RCE Attempt,,,SuspiciousActivity,,TRUE
IpAddress,5.8.10.202,,Block,High,Apache Log4j RCE Attempt,Apache Log4j RCE Attempt,,,SuspiciousActivity,,TRUE
IpAddress,80.82.77.192,,Block,High,Apache Log4j RCE Attempt,Apache Log4j RCE Attempt,,,SuspiciousActivity,,TRUE
IpAddress,178.73.215.171,,Block,High,Apache Log4j RCE Attempt,Apache Log4j RCE Attempt,,,SuspiciousActivity,,TRUE
IpAddress,2.103.157.113,,Block,High,Apache Log4j RCE Attempt,Apache Log4j RCE Attempt,,,SuspiciousActivity,,TRUE
IpAddress,113.128.188.241,,Block,High,Apache Log4j RCE Attempt,Apache Log4j RCE Attempt,,,SuspiciousActivity,,TRUE
IpAddress,34.140.248.32,,Block,High,Apache Log4j RCE Attempt,Apache Log4j RCE Attempt,,,SuspiciousActivity,,TRUE
IpAddress,192.35.168.160,,Block,High,Apache Log4j RCE Attempt,Apache Log4j RCE Attempt,,,SuspiciousActivity,,TRUE
IpAddress,109.152.82.101,,Block,High,Apache Log4j RCE Attempt,Apache Log4j RCE Attempt,,,SuspiciousActivity,,TRUE
IpAddress,112.94.103.188,,Block,High,Apache Log4j RCE Attempt,Apache Log4j RCE Attempt,,,SuspiciousActivity,,TRUE
IpAddress,86.13.117.171,,Block,High,Apache Log4j RCE Attempt,Apache Log4j RCE Attempt,,,SuspiciousActivity,,TRUE
IpAddress,165.227.49.57,,Block,High,Apache Log4j RCE Attempt,Apache Log4j RCE Attempt,,,SuspiciousActivity,,TRUE
IpAddress,180.149.125.163,,Block,High,Apache Log4j RCE Attempt,Apache Log4j RCE Attempt,,,SuspiciousActivity,,TRUE
IpAddress,92.118.161.49,,Block,High,Apache Log4j RCE Attempt,Apache Log4j RCE Attempt,,,SuspiciousActivity,,TRUE
IpAddress,84.68.133.175,,Block,High,Apache Log4j RCE Attempt,Apache Log4j RCE Attempt,,,SuspiciousActivity,,TRUE
IpAddress,51.254.59.113,,Block,High,Apache Log4j RCE Attempt,Apache Log4j RCE Attempt,,,SuspiciousActivity,,TRUE
IpAddress,42.228.111.19,,Block,High,Apache Log4j RCE Attempt,Apache Log4j RCE Attempt,,,SuspiciousActivity,,TRUE
IpAddress,183.136.225.56,,Block,High,Apache Log4j RCE Attempt,Apache Log4j RCE Attempt,,,SuspiciousActivity,,TRUE
IpAddress,207.46.13.90,,Block,High,Apache Log4j RCE Attempt,Apache Log4j RCE Attempt,,,SuspiciousActivity,,TRUE
IpAddress,185.180.143.79,,Block,High,Apache Log4j RCE Attempt,Apache Log4j RCE Attempt,,,SuspiciousActivity,,TRUE
IpAddress,106.13.90.51,,Block,High,Apache Log4j RCE Attempt,Apache Log4j RCE Attempt,,,SuspiciousActivity,,TRUE
IpAddress,37.252.64.51,,Block,High,Apache Log4j RCE Attempt,Apache Log4j RCE Attempt,,,SuspiciousActivity,,TRUE
IpAddress,198.98.60.234,,Block,High,Apache Log4j RCE Attempt,Apache Log4j RCE Attempt,,,SuspiciousActivity,,TRUE
IpAddress,24.177.187.46,,Block,High,Apache Log4j RCE Attempt,Apache Log4j RCE Attempt,,,SuspiciousActivity,,TRUE
IpAddress,172.98.71.20,,Block,High,Apache Log4j RCE Attempt,Apache Log4j RCE Attempt,,,SuspiciousActivity,,TRUE
IpAddress,106.75.211.240,,Block,High,Apache Log4j RCE Attempt,Apache Log4j RCE Attempt,,,SuspiciousActivity,,TRUE
IpAddress,195.201.175.217,,Block,High,Apache Log4j RCE Attempt,Apache Log4j RCE Attempt,,,SuspiciousActivity,,TRUE
IpAddress,107.189.5.172,,Block,High,Apache Log4j RCE Attempt,Apache Log4j RCE Attempt,,,SuspiciousActivity,,TRUE
IpAddress,128.14.134.170,,Block,High,Apache Log4j RCE Attempt,Apache Log4j RCE Attempt,,,SuspiciousActivity,,TRUE
IpAddress,23.183.81.250,,Block,High,Apache Log4j RCE Attempt,Apache Log4j RCE Attempt,,,SuspiciousActivity,,TRUE
IpAddress,23.183.83.18,,Block,High,Apache Log4j RCE Attempt,Apache Log4j RCE Attempt,,,SuspiciousActivity,,TRUE
IpAddress,109.248.6.130,,Block,High,Apache Log4j RCE Attempt,Apache Log4j RCE Attempt,,,SuspiciousActivity,,TRUE
IpAddress,104.244.73.9,,Block,High,Apache Log4j RCE Attempt,Apache Log4j RCE Attempt,,,SuspiciousActivity,,TRUE
IpAddress,92.118.160.5,,Block,High,Apache Log4j RCE Attempt,Apache Log4j RCE Attempt,,,SuspiciousActivity,,TRUE
IpAddress,106.75.162.130,,Block,High,Apache Log4j RCE Attempt,Apache Log4j RCE Attempt,,,SuspiciousActivity,,TRUE
IpAddress,23.183.81.107,,Block,High,Apache Log4j RCE Attempt,Apache Log4j RCE Attempt,,,SuspiciousActivity,,TRUE
IpAddress,47.106.94.148,,Block,High,Apache Log4j RCE Attempt,Apache Log4j RCE Attempt,,,SuspiciousActivity,,TRUE
IpAddress,213.32.122.82,,Block,High,Apache Log4j RCE Attempt,Apache Log4j RCE Attempt,,,SuspiciousActivity,,TRUE
IpAddress,106.75.223.168,,Block,High,Apache Log4j RCE Attempt,Apache Log4j RCE Attempt,,,SuspiciousActivity,,TRUE
IpAddress,209.141.54.94,,Block,High,Apache Log4j RCE Attempt,Apache Log4j RCE Attempt,,,SuspiciousActivity,,TRUE
IpAddress,209.141.53.105,,Block,High,Apache Log4j RCE Attempt,Apache Log4j RCE Attempt,,,SuspiciousActivity,,TRUE
IpAddress,64.62.197.182,,Block,High,Apache Log4j RCE Attempt,Apache Log4j RCE Attempt,,,SuspiciousActivity,,TRUE
IpAddress,92.118.160.9,,Block,High,Apache Log4j RCE Attempt,Apache Log4j RCE Attempt,,,SuspiciousActivity,,TRUE
IpAddress,200.1.216.98,,Block,High,Apache Log4j RCE Attempt,Apache Log4j RCE Attempt,,,SuspiciousActivity,,TRUE
IpAddress,173.254.28.216,,Block,High,Apache Log4j RCE Attempt,Apache Log4j RCE Attempt,,,SuspiciousActivity,,TRUE
IpAddress,109.248.6.214,,Block,High,Apache Log4j RCE Attempt,Apache Log4j RCE Attempt,,,SuspiciousActivity,,TRUE
IpAddress,54.236.234.133,,Block,High,Apache Log4j RCE Attempt,Apache Log4j RCE Attempt,,,SuspiciousActivity,,TRUE
IpAddress,91.218.114.111,,Block,High,Apache Log4j RCE Attempt,Apache Log4j RCE Attempt,,,SuspiciousActivity,,TRUE
IpAddress,82.5.35.188,,Block,High,Apache Log4j RCE Attempt,Apache Log4j RCE Attempt,,,SuspiciousActivity,,TRUE
IpAddress,104.244.75.133,,Block,High,Apache Log4j RCE Attempt,Apache Log4j RCE Attempt,,,SuspiciousActivity,,TRUE
IpAddress,84.199.24.118,,Block,High,Apache Log4j RCE Attempt,Apache Log4j RCE Attempt,,,SuspiciousActivity,,TRUE
IpAddress,188.39.212.18,,Block,High,Apache Log4j RCE Attempt,Apache Log4j RCE Attempt,,,SuspiciousActivity,,TRUE
IpAddress,172.104.138.223,,Block,High,Apache Log4j RCE Attempt,Apache Log4j RCE Attempt,,,SuspiciousActivity,,TRUE
IpAddress,45.148.10.241,,Block,High,Apache Log4j RCE Attempt,Apache Log4j RCE Attempt,,,SuspiciousActivity,,TRUE
IpAddress,45.137.23.232,,Block,High,Apache Log4j RCE Attempt,Apache Log4j RCE Attempt,,,SuspiciousActivity,,TRUE
IpAddress,40.77.167.99,,Block,High,Apache Log4j RCE Attempt,Apache Log4j RCE Attempt,,,SuspiciousActivity,,TRUE
IpAddress,165.227.113.185,,Block,High,Apache Log4j RCE Attempt,Apache Log4j RCE Attempt,,,SuspiciousActivity,,TRUE
IpAddress,180.149.125.169,,Block,High,Apache Log4j RCE Attempt,Apache Log4j RCE Attempt,,,SuspiciousActivity,,TRUE
IpAddress,20.77.248.90,,Block,High,Apache Log4j RCE Attempt,Apache Log4j RCE Attempt,,,SuspiciousActivity,,TRUE
IpAddress,27.38.61.21,,Block,High,Apache Log4j RCE Attempt,Apache Log4j RCE Attempt,,,SuspiciousActivity,,TRUE
IpAddress,20.203.44.176,,Block,High,Apache Log4j RCE Attempt,Apache Log4j RCE Attempt,,,SuspiciousActivity,,TRUE
IpAddress,184.105.247.194,,Block,High,Apache Log4j RCE Attempt,Apache Log4j RCE Attempt,,,SuspiciousActivity,,TRUE
IpAddress,60.191.125.35,,Block,High,Apache Log4j RCE Attempt,Apache Log4j RCE Attempt,,,SuspiciousActivity,,TRUE
IpAddress,54.38.192.19,,Block,High,Apache Log4j RCE Attempt,Apache Log4j RCE Attempt,,,SuspiciousActivity,,TRUE
IpAddress,106.75.169.79,,Block,High,Apache Log4j RCE Attempt,Apache Log4j RCE Attempt,,,SuspiciousActivity,,TRUE
IpAddress,43.255.216.26,,Block,High,Apache Log4j RCE Attempt,Apache Log4j RCE Attempt,,,SuspiciousActivity,,TRUE
IpAddress,141.98.83.139,,Block,High,Apache Log4j RCE Attempt,Apache Log4j RCE Attempt,,,SuspiciousActivity,,TRUE
IpAddress,209.141.55.121,,Block,High,Apache Log4j RCE Attempt,Apache Log4j RCE Attempt,,,SuspiciousActivity,,TRUE
IpAddress,67.205.170.85,,Block,High,Apache Log4j RCE Attempt,Apache Log4j RCE Attempt,,,SuspiciousActivity,,TRUE
IpAddress,43.131.23.132,,Block,High,Apache Log4j RCE Attempt,Apache Log4j RCE Attempt,,,SuspiciousActivity,,TRUE
IpAddress,85.133.13.21,,Block,High,Apache Log4j RCE Attempt,Apache Log4j RCE Attempt,,,SuspiciousActivity,,TRUE
IpAddress,186.33.68.168,,Block,High,Apache Log4j RCE Attempt,Apache Log4j RCE Attempt,,,SuspiciousActivity,,TRUE
IpAddress,23.183.83.167,,Block,High,Apache Log4j RCE Attempt,Apache Log4j RCE Attempt,,,SuspiciousActivity,,TRUE
IpAddress,91.230.52.102,,Block,High,Apache Log4j RCE Attempt,Apache Log4j RCE Attempt,,,SuspiciousActivity,,TRUE
IpAddress,5.125.163.106,,Block,High,Apache Log4j RCE Attempt,Apache Log4j RCE Attempt,,,SuspiciousActivity,,TRUE
IpAddress,45.248.42.123,,Block,High,Apache Log4j RCE Attempt,Apache Log4j RCE Attempt,,,SuspiciousActivity,,TRUE
IpAddress,45.148.125.242,,Block,High,Apache Log4j RCE Attempt,Apache Log4j RCE Attempt,,,SuspiciousActivity,,TRUE
IpAddress,194.110.115.11,,Block,High,Apache Log4j RCE Attempt,Apache Log4j RCE Attempt,,,SuspiciousActivity,,TRUE
IpAddress,18.234.212.158,,Block,High,Apache Log4j RCE Attempt,Apache Log4j RCE Attempt,,,SuspiciousActivity,,TRUE
IpAddress,82.125.224.203,,Block,High,Apache Log4j RCE Attempt,Apache Log4j RCE Attempt,,,SuspiciousActivity,,TRUE
IpAddress,45.61.186.49,,Block,High,Apache Log4j RCE Attempt,Apache Log4j RCE Attempt,,,SuspiciousActivity,,TRUE
IpAddress,103.203.57.29,,Block,High,Apache Log4j RCE Attempt,Apache Log4j RCE Attempt,,,SuspiciousActivity,,TRUE
IpAddress,167.94.138.114,,Block,High,Apache Log4j RCE Attempt,Apache Log4j RCE Attempt,,,SuspiciousActivity,,TRUE
IpAddress,195.54.160.149,,Block,High,Apache Log4j RCE Attempt,Apache Log4j RCE Attempt,,,SuspiciousActivity,,TRUE
IpAddress,180.149.125.172,,Block,High,Apache Log4j RCE Attempt,Apache Log4j RCE Attempt,,,SuspiciousActivity,,TRUE
IpAddress,20.109.174.232,,Block,High,Apache Log4j RCE Attempt,Apache Log4j RCE Attempt,,,SuspiciousActivity,,TRUE
IpAddress,185.180.143.138,,Block,High,Apache Log4j RCE Attempt,Apache Log4j RCE Attempt,,,SuspiciousActivity,,TRUE
IpAddress,109.237.103.123,,Block,High,Apache Log4j RCE Attempt,Apache Log4j RCE Attempt,,,SuspiciousActivity,,TRUE
IpAddress,222.186.19.235,,Block,High,Apache Log4j RCE Attempt,Apache Log4j RCE Attempt,,,SuspiciousActivity,,TRUE
IpAddress,128.14.209.162,,Block,High,Apache Log4j RCE Attempt,Apache Log4j RCE Attempt,,,SuspiciousActivity,,TRUE
IpAddress,172.104.159.48,,Block,High,Apache Log4j RCE Attempt,Apache Log4j RCE Attempt,,,SuspiciousActivity,,TRUE
IpAddress,89.163.242.196,,Block,High,Apache Log4j RCE Attempt,Apache Log4j RCE Attempt,,,SuspiciousActivity,,TRUE
IpAddress,167.172.214.198,,Block,High,Apache Log4j RCE Attempt,Apache Log4j RCE Attempt,,,SuspiciousActivity,,TRUE
IpAddress,81.88.52.153,,Block,High,Apache Log4j RCE Attempt,Apache Log4j RCE Attempt,,,SuspiciousActivity,,TRUE
IpAddress,209.141.50.223,,Block,High,Apache Log4j RCE Attempt,Apache Log4j RCE Attempt,,,SuspiciousActivity,,TRUE
IpAddress,109.248.6.239,,Block,High,Apache Log4j RCE Attempt,Apache Log4j RCE Attempt,,,SuspiciousActivity,,TRUE
IpAddress,5.188.210.227,,Block,High,Apache Log4j RCE Attempt,Apache Log4j RCE Attempt,,,SuspiciousActivity,,TRUE
IpAddress,23.251.102.74,,Block,High,Apache Log4j RCE Attempt,Apache Log4j RCE Attempt,,,SuspiciousActivity,,TRUE
IpAddress,45.144.225.92,,Block,High,Apache Log4j RCE Attempt,Apache Log4j RCE Attempt,,,SuspiciousActivity,,TRUE
IpAddress,188.126.94.199,,Block,High,Apache Log4j RCE Attempt,Apache Log4j RCE Attempt,,,SuspiciousActivity,,TRUE
IpAddress,68.183.221.130,,Block,High,Apache Log4j RCE Attempt,Apache Log4j RCE Attempt,,,SuspiciousActivity,,TRUE
IpAddress,207.46.13.32,,Block,High,Apache Log4j RCE Attempt,Apache Log4j RCE Attempt,,,SuspiciousActivity,,TRUE
IpAddress,23.129.64.131,,Block,High,Apache Log4j RCE Attempt,Apache Log4j RCE Attempt,,,SuspiciousActivity,,TRUE
IpAddress,23.129.64.146,,Block,High,Apache Log4j RCE Attempt,Apache Log4j RCE Attempt,,,SuspiciousActivity,,TRUE
IpAddress,23.129.64.148,,Block,High,Apache Log4j RCE Attempt,Apache Log4j RCE Attempt,,,SuspiciousActivity,,TRUE
IpAddress,45.153.160.138,,Block,High,Apache Log4j RCE Attempt,Apache Log4j RCE Attempt,,,SuspiciousActivity,,TRUE
IpAddress,46.182.21.248,,Block,High,Apache Log4j RCE Attempt,Apache Log4j RCE Attempt,,,SuspiciousActivity,,TRUE
IpAddress,51.255.106.85,,Block,High,Apache Log4j RCE Attempt,Apache Log4j RCE Attempt,,,SuspiciousActivity,,TRUE
IpAddress,72.223.168.73,,Block,High,Apache Log4j RCE Attempt,Apache Log4j RCE Attempt,,,SuspiciousActivity,,TRUE
IpAddress,104.244.74.57,,Block,High,Apache Log4j RCE Attempt,Apache Log4j RCE Attempt,,,SuspiciousActivity,,TRUE
IpAddress,104.244.74.211,,Block,High,Apache Log4j RCE Attempt,Apache Log4j RCE Attempt,,,SuspiciousActivity,,TRUE
IpAddress,104.244.76.170,,Block,High,Apache Log4j RCE Attempt,Apache Log4j RCE Attempt,,,SuspiciousActivity,,TRUE
IpAddress,107.189.12.135,,Block,High,Apache Log4j RCE Attempt,Apache Log4j RCE Attempt,,,SuspiciousActivity,,TRUE
IpAddress,185.100.87.41,,Block,High,Apache Log4j RCE Attempt,Apache Log4j RCE Attempt,,,SuspiciousActivity,,TRUE
IpAddress,185.100.87.202,,Block,High,Apache Log4j RCE Attempt,Apache Log4j RCE Attempt,,,SuspiciousActivity,,TRUE
IpAddress,185.107.47.171,,Block,High,Apache Log4j RCE Attempt,Apache Log4j RCE Attempt,,,SuspiciousActivity,,TRUE
IpAddress,185.220.100.240,,Block,High,Apache Log4j RCE Attempt,Apache Log4j RCE Attempt,,,SuspiciousActivity,,TRUE
IpAddress,185.220.100.242,,Block,High,Apache Log4j RCE Attempt,Apache Log4j RCE Attempt,,,SuspiciousActivity,,TRUE
IpAddress,185.220.100.245,,Block,High,Apache Log4j RCE Attempt,Apache Log4j RCE Attempt,,,SuspiciousActivity,,TRUE
IpAddress,185.220.100.246,,Block,High,Apache Log4j RCE Attempt,Apache Log4j RCE Attempt,,,SuspiciousActivity,,TRUE
IpAddress,185.220.100.247,,Block,High,Apache Log4j RCE Attempt,Apache Log4j RCE Attempt,,,SuspiciousActivity,,TRUE
IpAddress,185.220.100.249,,Block,High,Apache Log4j RCE Attempt,Apache Log4j RCE Attempt,,,SuspiciousActivity,,TRUE
IpAddress,185.220.100.250,,Block,High,Apache Log4j RCE Attempt,Apache Log4j RCE Attempt,,,SuspiciousActivity,,TRUE
IpAddress,185.220.100.252,,Block,High,Apache Log4j RCE Attempt,Apache Log4j RCE Attempt,,,SuspiciousActivity,,TRUE
IpAddress,185.220.100.253,,Block,High,Apache Log4j RCE Attempt,Apache Log4j RCE Attempt,,,SuspiciousActivity,,TRUE
IpAddress,185.220.100.254,,Block,High,Apache Log4j RCE Attempt,Apache Log4j RCE Attempt,,,SuspiciousActivity,,TRUE
IpAddress,185.220.101.33,,Block,High,Apache Log4j RCE Attempt,Apache Log4j RCE Attempt,,,SuspiciousActivity,,TRUE
IpAddress,185.220.101.34,,Block,High,Apache Log4j RCE Attempt,Apache Log4j RCE Attempt,,,SuspiciousActivity,,TRUE
IpAddress,185.220.101.35,,Block,High,Apache Log4j RCE Attempt,Apache Log4j RCE Attempt,,,SuspiciousActivity,,TRUE
IpAddress,116.24.67.213,,Block,High,Apache Log4j RCE Attempt,Apache Log4j RCE Attempt,,,SuspiciousActivity,,TRUE
IpAddress,122.161.50.23,,Block,High,Apache Log4j RCE Attempt,Apache Log4j RCE Attempt,,,SuspiciousActivity,,TRUE
IpAddress,134.122.34.28,,Block,High,Apache Log4j RCE Attempt,Apache Log4j RCE Attempt,,,SuspiciousActivity,,TRUE
IpAddress,137.184.102.82,,Block,High,Apache Log4j RCE Attempt,Apache Log4j RCE Attempt,,,SuspiciousActivity,,TRUE
IpAddress,142.93.34.250,,Block,High,Apache Log4j RCE Attempt,Apache Log4j RCE Attempt,,,SuspiciousActivity,,TRUE
IpAddress,143.198.32.72,,Block,High,Apache Log4j RCE Attempt,Apache Log4j RCE Attempt,,,SuspiciousActivity,,TRUE
IpAddress,143.198.45.117,,Block,High,Apache Log4j RCE Attempt,Apache Log4j RCE Attempt,,,SuspiciousActivity,,TRUE
IpAddress,147.182.169.254,,Block,High,Apache Log4j RCE Attempt,Apache Log4j RCE Attempt,,,SuspiciousActivity,,TRUE
IpAddress,147.182.219.9,,Block,High,Apache Log4j RCE Attempt,Apache Log4j RCE Attempt,,,SuspiciousActivity,,TRUE
IpAddress,151.115.60.113,,Block,High,Apache Log4j RCE Attempt,Apache Log4j RCE Attempt,,,SuspiciousActivity,,TRUE
IpAddress,164.90.199.216,,Block,High,Apache Log4j RCE Attempt,Apache Log4j RCE Attempt,,,SuspiciousActivity,,TRUE
IpAddress,167.99.172.213,,Block,High,Apache Log4j RCE Attempt,Apache Log4j RCE Attempt,,,SuspiciousActivity,,TRUE
IpAddress,178.62.79.49,,Block,High,Apache Log4j RCE Attempt,Apache Log4j RCE Attempt,,,SuspiciousActivity,,TRUE
IpAddress,181.214.39.2,,Block,High,Apache Log4j RCE Attempt,Apache Log4j RCE Attempt,,,SuspiciousActivity,,TRUE
IpAddress,185.129.61.1,,Block,High,Apache Log4j RCE Attempt,Apache Log4j RCE Attempt,,,SuspiciousActivity,,TRUE
IpAddress,185.220.101.141,,Block,High,Apache Log4j RCE Attempt,Apache Log4j RCE Attempt,,,SuspiciousActivity,,TRUE
IpAddress,185.220.102.8,,Block,High,Apache Log4j RCE Attempt,Apache Log4j RCE Attempt,,,SuspiciousActivity,,TRUE
IpAddress,188.166.92.228,,Block,High,Apache Log4j RCE Attempt,Apache Log4j RCE Attempt,,,SuspiciousActivity,,TRUE
IpAddress,188.166.122.43,,Block,High,Apache Log4j RCE Attempt,Apache Log4j RCE Attempt,,,SuspiciousActivity,,TRUE
IpAddress,193.189.100.195,,Block,High,Apache Log4j RCE Attempt,Apache Log4j RCE Attempt,,,SuspiciousActivity,,TRUE
IpAddress,193.189.100.203,,Block,High,Apache Log4j RCE Attempt,Apache Log4j RCE Attempt,,,SuspiciousActivity,,TRUE
IpAddress,91.219.237.21,,Block,High,Apache Log4j RCE Attempt,Apache Log4j RCE Attempt,,,SuspiciousActivity,,TRUE
IpAddress,94.142.241.194,,Block,High,Apache Log4j RCE Attempt,Apache Log4j RCE Attempt,,,SuspiciousActivity,,TRUE
IpAddress,94.230.208.147,,Block,High,Apache Log4j RCE Attempt,Apache Log4j RCE Attempt,,,SuspiciousActivity,,TRUE
IpAddress,101.35.154.34,,Block,High,Apache Log4j RCE Attempt,Apache Log4j RCE Attempt,,,SuspiciousActivity,,TRUE
IpAddress,103.214.5.13,,Block,High,Apache Log4j RCE Attempt,Apache Log4j RCE Attempt,,,SuspiciousActivity,,TRUE
IpAddress,104.244.72.7,,Block,High,Apache Log4j RCE Attempt,Apache Log4j RCE Attempt,,,SuspiciousActivity,,TRUE
IpAddress,104.244.73.43,,Block,High,Apache Log4j RCE Attempt,Apache Log4j RCE Attempt,,,SuspiciousActivity,,TRUE
IpAddress,104.244.75.74,,Block,High,Apache Log4j RCE Attempt,Apache Log4j RCE Attempt,,,SuspiciousActivity,,TRUE
IpAddress,104.244.76.13,,Block,High,Apache Log4j RCE Attempt,Apache Log4j RCE Attempt,,,SuspiciousActivity,,TRUE
IpAddress,104.244.76.173,,Block,High,Apache Log4j RCE Attempt,Apache Log4j RCE Attempt,,,SuspiciousActivity,,TRUE
IpAddress,104.244.78.213,,Block,High,Apache Log4j RCE Attempt,Apache Log4j RCE Attempt,,,SuspiciousActivity,,TRUE
IpAddress,104.244.79.6,,Block,High,Apache Log4j RCE Attempt,Apache Log4j RCE Attempt,,,SuspiciousActivity,,TRUE
IpAddress,107.189.8.65,,Block,High,Apache Log4j RCE Attempt,Apache Log4j RCE Attempt,,,SuspiciousActivity,,TRUE
IpAddress,107.189.10.137,,Block,High,Apache Log4j RCE Attempt,Apache Log4j RCE Attempt,,,SuspiciousActivity,,TRUE
IpAddress,107.189.14.76,,Block,High,Apache Log4j RCE Attempt,Apache Log4j RCE Attempt,,,SuspiciousActivity,,TRUE
IpAddress,107.189.14.182,,Block,High,Apache Log4j RCE Attempt,Apache Log4j RCE Attempt,,,SuspiciousActivity,,TRUE
IpAddress,109.70.100.26,,Block,High,Apache Log4j RCE Attempt,Apache Log4j RCE Attempt,,,SuspiciousActivity,,TRUE
IpAddress,109.70.100.27,,Block,High,Apache Log4j RCE Attempt,Apache Log4j RCE Attempt,,,SuspiciousActivity,,TRUE
IpAddress,109.70.100.28,,Block,High,Apache Log4j RCE Attempt,Apache Log4j RCE Attempt,,,SuspiciousActivity,,TRUE
IpAddress,109.70.100.36,,Block,High,Apache Log4j RCE Attempt,Apache Log4j RCE Attempt,,,SuspiciousActivity,,TRUE
IpAddress,122.161.53.44,,Block,High,Apache Log4j RCE Attempt,Apache Log4j RCE Attempt,,,SuspiciousActivity,,TRUE
IpAddress,133.18.201.195,,Block,High,Apache Log4j RCE Attempt,Apache Log4j RCE Attempt,,,SuspiciousActivity,,TRUE
IpAddress,134.56.204.191,,Block,High,Apache Log4j RCE Attempt,Apache Log4j RCE Attempt,,,SuspiciousActivity,,TRUE
IpAddress,135.148.43.32,,Block,High,Apache Log4j RCE Attempt,Apache Log4j RCE Attempt,,,SuspiciousActivity,,TRUE
IpAddress,137.184.96.216,,Block,High,Apache Log4j RCE Attempt,Apache Log4j RCE Attempt,,,SuspiciousActivity,,TRUE
IpAddress,140.246.171.141,,Block,High,Apache Log4j RCE Attempt,Apache Log4j RCE Attempt,,,SuspiciousActivity,,TRUE
IpAddress,142.93.36.237,,Block,High,Apache Log4j RCE Attempt,Apache Log4j RCE Attempt,,,SuspiciousActivity,,TRUE
IpAddress,194.48.199.78,,Block,High,Apache Log4j RCE Attempt,Apache Log4j RCE Attempt,,,SuspiciousActivity,,TRUE
IpAddress,195.176.3.24,,Block,High,Apache Log4j RCE Attempt,Apache Log4j RCE Attempt,,,SuspiciousActivity,,TRUE
IpAddress,195.254.135.76,,Block,High,Apache Log4j RCE Attempt,Apache Log4j RCE Attempt,,,SuspiciousActivity,,TRUE
IpAddress,198.98.51.189,,Block,High,Apache Log4j RCE Attempt,Apache Log4j RCE Attempt,,,SuspiciousActivity,,TRUE
IpAddress,176.10.99.200,,Block,High,Apache Log4j RCE Attempt,Apache Log4j RCE Attempt,,,SuspiciousActivity,,TRUE
IpAddress,185.220.101.48,,Block,High,Apache Log4j RCE Attempt,Apache Log4j RCE Attempt,,,SuspiciousActivity,,TRUE
IpAddress,185.220.101.159,,Block,High,Apache Log4j RCE Attempt,Apache Log4j RCE Attempt,,,SuspiciousActivity,,TRUE
IpAddress,185.220.103.7,,Block,High,Apache Log4j RCE Attempt,Apache Log4j RCE Attempt,,,SuspiciousActivity,,TRUE
IpAddress,188.166.74.97,,Block,High,Apache Log4j RCE Attempt,Apache Log4j RCE Attempt,,,SuspiciousActivity,,TRUE
IpAddress,206.189.20.141,,Block,High,Apache Log4j RCE Attempt,Apache Log4j RCE Attempt,,,SuspiciousActivity,,TRUE
IpAddress,18.27.197.252,,Block,High,Apache Log4j RCE Attempt,Apache Log4j RCE Attempt,,,SuspiciousActivity,,TRUE
IpAddress,23.129.64.141,,Block,High,Apache Log4j RCE Attempt,Apache Log4j RCE Attempt,,,SuspiciousActivity,,TRUE
IpAddress,45.12.134.108,,Block,High,Apache Log4j RCE Attempt,Apache Log4j RCE Attempt,,,SuspiciousActivity,,TRUE
IpAddress,45.153.160.131,,Block,High,Apache Log4j RCE Attempt,Apache Log4j RCE Attempt,,,SuspiciousActivity,,TRUE
IpAddress,46.166.139.111,,Block,High,Apache Log4j RCE Attempt,Apache Log4j RCE Attempt,,,SuspiciousActivity,,TRUE
IpAddress,62.102.148.69,,Block,High,Apache Log4j RCE Attempt,Apache Log4j RCE Attempt,,,SuspiciousActivity,,TRUE
IpAddress,68.183.198.247,,Block,High,Apache Log4j RCE Attempt,Apache Log4j RCE Attempt,,,SuspiciousActivity,,TRUE
IpAddress,81.17.18.60,,Block,High,Apache Log4j RCE Attempt,Apache Log4j RCE Attempt,,,SuspiciousActivity,,TRUE
IpAddress,81.17.18.61,,Block,High,Apache Log4j RCE Attempt,Apache Log4j RCE Attempt,,,SuspiciousActivity,,TRUE
IpAddress,88.80.20.86,,Block,High,Apache Log4j RCE Attempt,Apache Log4j RCE Attempt,,,SuspiciousActivity,,TRUE
IpAddress,107.189.1.160,,Block,High,Apache Log4j RCE Attempt,Apache Log4j RCE Attempt,,,SuspiciousActivity,,TRUE
IpAddress,107.189.1.178,,Block,High,Apache Log4j RCE Attempt,Apache Log4j RCE Attempt,,,SuspiciousActivity,,TRUE
IpAddress,107.189.11.153,,Block,High,Apache Log4j RCE Attempt,Apache Log4j RCE Attempt,,,SuspiciousActivity,,TRUE
IpAddress,107.189.14.98,,Block,High,Apache Log4j RCE Attempt,Apache Log4j RCE Attempt,,,SuspiciousActivity,,TRUE
IpAddress,107.189.29.107,,Block,High,Apache Log4j RCE Attempt,Apache Log4j RCE Attempt,,,SuspiciousActivity,,TRUE
IpAddress,109.70.100.34,,Block,High,Apache Log4j RCE Attempt,Apache Log4j RCE Attempt,,,SuspiciousActivity,,TRUE
IpAddress,137.184.106.119,,Block,High,Apache Log4j RCE Attempt,Apache Log4j RCE Attempt,,,SuspiciousActivity,,TRUE
IpAddress,138.68.167.19,,Block,High,Apache Log4j RCE Attempt,Apache Log4j RCE Attempt,,,SuspiciousActivity,,TRUE
IpAddress,139.59.8.39,,Block,High,Apache Log4j RCE Attempt,Apache Log4j RCE Attempt,,,SuspiciousActivity,,TRUE
IpAddress,147.182.150.124,,Block,High,Apache Log4j RCE Attempt,Apache Log4j RCE Attempt,,,SuspiciousActivity,,TRUE
IpAddress,147.182.167.165,,Block,High,Apache Log4j RCE Attempt,Apache Log4j RCE Attempt,,,SuspiciousActivity,,TRUE
IpAddress,157.245.109.75,,Block,High,Apache Log4j RCE Attempt,Apache Log4j RCE Attempt,,,SuspiciousActivity,,TRUE
IpAddress,159.65.3.102,,Block,High,Apache Log4j RCE Attempt,Apache Log4j RCE Attempt,,,SuspiciousActivity,,TRUE
IpAddress,159.65.58.66,,Block,High,Apache Log4j RCE Attempt,Apache Log4j RCE Attempt,,,SuspiciousActivity,,TRUE
IpAddress,159.65.155.208,,Block,High,Apache Log4j RCE Attempt,Apache Log4j RCE Attempt,,,SuspiciousActivity,,TRUE
IpAddress,159.65.194.103,,Block,High,Apache Log4j RCE Attempt,Apache Log4j RCE Attempt,,,SuspiciousActivity,,TRUE
IpAddress,167.99.172.58,,Block,High,Apache Log4j RCE Attempt,Apache Log4j RCE Attempt,,,SuspiciousActivity,,TRUE
IpAddress,171.25.193.20,,Block,High,Apache Log4j RCE Attempt,Apache Log4j RCE Attempt,,,SuspiciousActivity,,TRUE
IpAddress,171.25.193.77,,Block,High,Apache Log4j RCE Attempt,Apache Log4j RCE Attempt,,,SuspiciousActivity,,TRUE
IpAddress,185.38.175.132,,Block,High,Apache Log4j RCE Attempt,Apache Log4j RCE Attempt,,,SuspiciousActivity,,TRUE
IpAddress,185.56.80.65,,Block,High,Apache Log4j RCE Attempt,Apache Log4j RCE Attempt,,,SuspiciousActivity,,TRUE
IpAddress,185.83.214.69,,Block,High,Apache Log4j RCE Attempt,Apache Log4j RCE Attempt,,,SuspiciousActivity,,TRUE
IpAddress,185.220.101.36,,Block,High,Apache Log4j RCE Attempt,Apache Log4j RCE Attempt,,,SuspiciousActivity,,TRUE
IpAddress,185.220.101.37,,Block,High,Apache Log4j RCE Attempt,Apache Log4j RCE Attempt,,,SuspiciousActivity,,TRUE
IpAddress,185.220.101.41,,Block,High,Apache Log4j RCE Attempt,Apache Log4j RCE Attempt,,,SuspiciousActivity,,TRUE
IpAddress,185.220.101.42,,Block,High,Apache Log4j RCE Attempt,Apache Log4j RCE Attempt,,,SuspiciousActivity,,TRUE
IpAddress,185.220.101.43,,Block,High,Apache Log4j RCE Attempt,Apache Log4j RCE Attempt,,,SuspiciousActivity,,TRUE
IpAddress,185.220.101.45,,Block,High,Apache Log4j RCE Attempt,Apache Log4j RCE Attempt,,,SuspiciousActivity,,TRUE
IpAddress,185.220.101.46,,Block,High,Apache Log4j RCE Attempt,Apache Log4j RCE Attempt,,,SuspiciousActivity,,TRUE
IpAddress,185.220.101.49,,Block,High,Apache Log4j RCE Attempt,Apache Log4j RCE Attempt,,,SuspiciousActivity,,TRUE
IpAddress,185.220.101.54,,Block,High,Apache Log4j RCE Attempt,Apache Log4j RCE Attempt,,,SuspiciousActivity,,TRUE
IpAddress,185.220.101.55,,Block,High,Apache Log4j RCE Attempt,Apache Log4j RCE Attempt,,,SuspiciousActivity,,TRUE
IpAddress,185.220.101.56,,Block,High,Apache Log4j RCE Attempt,Apache Log4j RCE Attempt,,,SuspiciousActivity,,TRUE
IpAddress,185.220.101.61,,Block,High,Apache Log4j RCE Attempt,Apache Log4j RCE Attempt,,,SuspiciousActivity,,TRUE
IpAddress,185.220.101.129,,Block,High,Apache Log4j RCE Attempt,Apache Log4j RCE Attempt,,,SuspiciousActivity,,TRUE
IpAddress,185.220.101.134,,Block,High,Apache Log4j RCE Attempt,Apache Log4j RCE Attempt,,,SuspiciousActivity,,TRUE
IpAddress,185.220.101.138,,Block,High,Apache Log4j RCE Attempt,Apache Log4j RCE Attempt,,,SuspiciousActivity,,TRUE
IpAddress,185.220.101.139,,Block,High,Apache Log4j RCE Attempt,Apache Log4j RCE Attempt,,,SuspiciousActivity,,TRUE
IpAddress,185.220.101.140,,Block,High,Apache Log4j RCE Attempt,Apache Log4j RCE Attempt,,,SuspiciousActivity,,TRUE
IpAddress,185.220.101.142,,Block,High,Apache Log4j RCE Attempt,Apache Log4j RCE Attempt,,,SuspiciousActivity,,TRUE
IpAddress,185.220.101.143,,Block,High,Apache Log4j RCE Attempt,Apache Log4j RCE Attempt,,,SuspiciousActivity,,TRUE
IpAddress,185.220.101.145,,Block,High,Apache Log4j RCE Attempt,Apache Log4j RCE Attempt,,,SuspiciousActivity,,TRUE
IpAddress,185.220.101.147,,Block,High,Apache Log4j RCE Attempt,Apache Log4j RCE Attempt,,,SuspiciousActivity,,TRUE
IpAddress,185.220.101.148,,Block,High,Apache Log4j RCE Attempt,Apache Log4j RCE Attempt,,,SuspiciousActivity,,TRUE
IpAddress,185.220.101.149,,Block,High,Apache Log4j RCE Attempt,Apache Log4j RCE Attempt,,,SuspiciousActivity,,TRUE
IpAddress,185.220.101.153,,Block,High,Apache Log4j RCE Attempt,Apache Log4j RCE Attempt,,,SuspiciousActivity,,TRUE
IpAddress,185.220.101.154,,Block,High,Apache Log4j RCE Attempt,Apache Log4j RCE Attempt,,,SuspiciousActivity,,TRUE
IpAddress,185.220.101.157,,Block,High,Apache Log4j RCE Attempt,Apache Log4j RCE Attempt,,,SuspiciousActivity,,TRUE
IpAddress,185.220.101.158,,Block,High,Apache Log4j RCE Attempt,Apache Log4j RCE Attempt,,,SuspiciousActivity,,TRUE
IpAddress,185.220.101.160,,Block,High,Apache Log4j RCE Attempt,Apache Log4j RCE Attempt,,,SuspiciousActivity,,TRUE
IpAddress,185.220.101.161,,Block,High,Apache Log4j RCE Attempt,Apache Log4j RCE Attempt,,,SuspiciousActivity,,TRUE
IpAddress,185.220.101.163,,Block,High,Apache Log4j RCE Attempt,Apache Log4j RCE Attempt,,,SuspiciousActivity,,TRUE
IpAddress,185.220.101.168,,Block,High,Apache Log4j RCE Attempt,Apache Log4j RCE Attempt,,,SuspiciousActivity,,TRUE
IpAddress,185.220.101.173,,Block,High,Apache Log4j RCE Attempt,Apache Log4j RCE Attempt,,,SuspiciousActivity,,TRUE
IpAddress,185.220.101.185,,Block,High,Apache Log4j RCE Attempt,Apache Log4j RCE Attempt,,,SuspiciousActivity,,TRUE
IpAddress,185.220.101.186,,Block,High,Apache Log4j RCE Attempt,Apache Log4j RCE Attempt,,,SuspiciousActivity,,TRUE
IpAddress,185.220.101.189,,Block,High,Apache Log4j RCE Attempt,Apache Log4j RCE Attempt,,,SuspiciousActivity,,TRUE
IpAddress,185.220.101.191,,Block,High,Apache Log4j RCE Attempt,Apache Log4j RCE Attempt,,,SuspiciousActivity,,TRUE
IpAddress,185.220.102.242,,Block,High,Apache Log4j RCE Attempt,Apache Log4j RCE Attempt,,,SuspiciousActivity,,TRUE
IpAddress,188.166.48.55,,Block,High,Apache Log4j RCE Attempt,Apache Log4j RCE Attempt,,,SuspiciousActivity,,TRUE
IpAddress,193.31.24.154,,Block,High,Apache Log4j RCE Attempt,Apache Log4j RCE Attempt,,,SuspiciousActivity,,TRUE
IpAddress,193.218.118.183,,Block,High,Apache Log4j RCE Attempt,Apache Log4j RCE Attempt,,,SuspiciousActivity,,TRUE
IpAddress,193.218.118.231,,Block,High,Apache Log4j RCE Attempt,Apache Log4j RCE Attempt,,,SuspiciousActivity,,TRUE
IpAddress,199.195.250.77,,Block,High,Apache Log4j RCE Attempt,Apache Log4j RCE Attempt,,,SuspiciousActivity,,TRUE
IpAddress,204.8.156.142,,Block,High,Apache Log4j RCE Attempt,Apache Log4j RCE Attempt,,,SuspiciousActivity,,TRUE
IpAddress,205.185.117.149,,Block,High,Apache Log4j RCE Attempt,Apache Log4j RCE Attempt,,,SuspiciousActivity,,TRUE
IpAddress,209.127.17.242,,Block,High,Apache Log4j RCE Attempt,Apache Log4j RCE Attempt,,,SuspiciousActivity,,TRUE
IpAddress,209.141.41.103,,Block,High,Apache Log4j RCE Attempt,Apache Log4j RCE Attempt,,,SuspiciousActivity,,TRUE
IpAddress,5.199.143.202,,Block,High,Apache Log4j RCE Attempt,Apache Log4j RCE Attempt,,,SuspiciousActivity,,TRUE
IpAddress,23.120.182.121,,Block,High,Apache Log4j RCE Attempt,Apache Log4j RCE Attempt,,,SuspiciousActivity,,TRUE
IpAddress,23.129.64.135,,Block,High,Apache Log4j RCE Attempt,Apache Log4j RCE Attempt,,,SuspiciousActivity,,TRUE
IpAddress,23.129.64.139,,Block,High,Apache Log4j RCE Attempt,Apache Log4j RCE Attempt,,,SuspiciousActivity,,TRUE
IpAddress,23.129.64.145,,Block,High,Apache Log4j RCE Attempt,Apache Log4j RCE Attempt,,,SuspiciousActivity,,TRUE
IpAddress,23.154.177.2,,Block,High,Apache Log4j RCE Attempt,Apache Log4j RCE Attempt,,,SuspiciousActivity,,TRUE
IpAddress,23.154.177.7,,Block,High,Apache Log4j RCE Attempt,Apache Log4j RCE Attempt,,,SuspiciousActivity,,TRUE
IpAddress,34.247.50.189,,Block,High,Apache Log4j RCE Attempt,Apache Log4j RCE Attempt,,,SuspiciousActivity,,TRUE
IpAddress,35.170.71.122,,Block,High,Apache Log4j RCE Attempt,Apache Log4j RCE Attempt,,,SuspiciousActivity,,TRUE
IpAddress,37.123.163.58,,Block,High,Apache Log4j RCE Attempt,Apache Log4j RCE Attempt,,,SuspiciousActivity,,TRUE
IpAddress,45.13.104.179,,Block,High,Apache Log4j RCE Attempt,Apache Log4j RCE Attempt,,,SuspiciousActivity,,TRUE
IpAddress,45.33.120.240,,Block,High,Apache Log4j RCE Attempt,Apache Log4j RCE Attempt,,,SuspiciousActivity,,TRUE
IpAddress,45.137.21.9,,Block,High,Apache Log4j RCE Attempt,Apache Log4j RCE Attempt,,,SuspiciousActivity,,TRUE
IpAddress,45.153.160.133,,Block,High,Apache Log4j RCE Attempt,Apache Log4j RCE Attempt,,,SuspiciousActivity,,TRUE
IpAddress,45.153.160.135,,Block,High,Apache Log4j RCE Attempt,Apache Log4j RCE Attempt,,,SuspiciousActivity,,TRUE
IpAddress,45.153.160.136,,Block,High,Apache Log4j RCE Attempt,Apache Log4j RCE Attempt,,,SuspiciousActivity,,TRUE
IpAddress,51.15.76.60,,Block,High,Apache Log4j RCE Attempt,Apache Log4j RCE Attempt,,,SuspiciousActivity,,TRUE
IpAddress,51.77.52.216,,Block,High,Apache Log4j RCE Attempt,Apache Log4j RCE Attempt,,,SuspiciousActivity,,TRUE
IpAddress,62.102.148.68,,Block,High,Apache Log4j RCE Attempt,Apache Log4j RCE Attempt,,,SuspiciousActivity,,TRUE
IpAddress,62.171.142.3,,Block,High,Apache Log4j RCE Attempt,Apache Log4j RCE Attempt,,,SuspiciousActivity,,TRUE
IpAddress,64.113.32.29,,Block,High,Apache Log4j RCE Attempt,Apache Log4j RCE Attempt,,,SuspiciousActivity,,TRUE
IpAddress,81.17.18.62,,Block,High,Apache Log4j RCE Attempt,Apache Log4j RCE Attempt,,,SuspiciousActivity,,TRUE
IpAddress,82.221.131.71,,Block,High,Apache Log4j RCE Attempt,Apache Log4j RCE Attempt,,,SuspiciousActivity,,TRUE
IpAddress,89.163.154.91,,Block,High,Apache Log4j RCE Attempt,Apache Log4j RCE Attempt,,,SuspiciousActivity,,TRUE
IpAddress,89.163.252.230,,Block,High,Apache Log4j RCE Attempt,Apache Log4j RCE Attempt,,,SuspiciousActivity,,TRUE
IpAddress,91.203.5.146,,Block,High,Apache Log4j RCE Attempt,Apache Log4j RCE Attempt,,,SuspiciousActivity,,TRUE
IpAddress,143.110.221.204,,Block,High,Apache Log4j RCE Attempt,Apache Log4j RCE Attempt,,,SuspiciousActivity,,TRUE
IpAddress,147.182.199.94,,Block,High,Apache Log4j RCE Attempt,Apache Log4j RCE Attempt,,,SuspiciousActivity,,TRUE
IpAddress,147.182.213.12,,Block,High,Apache Log4j RCE Attempt,Apache Log4j RCE Attempt,,,SuspiciousActivity,,TRUE
IpAddress,151.80.148.159,,Block,High,Apache Log4j RCE Attempt,Apache Log4j RCE Attempt,,,SuspiciousActivity,,TRUE
IpAddress,159.65.146.60,,Block,High,Apache Log4j RCE Attempt,Apache Log4j RCE Attempt,,,SuspiciousActivity,,TRUE
IpAddress,159.65.175.123,,Block,High,Apache Log4j RCE Attempt,Apache Log4j RCE Attempt,,,SuspiciousActivity,,TRUE
IpAddress,159.89.113.255,,Block,High,Apache Log4j RCE Attempt,Apache Log4j RCE Attempt,,,SuspiciousActivity,,TRUE
IpAddress,159.89.180.119,,Block,High,Apache Log4j RCE Attempt,Apache Log4j RCE Attempt,,,SuspiciousActivity,,TRUE
IpAddress,161.35.119.60,,Block,High,Apache Log4j RCE Attempt,Apache Log4j RCE Attempt,,,SuspiciousActivity,,TRUE
IpAddress,162.247.74.202,,Block,High,Apache Log4j RCE Attempt,Apache Log4j RCE Attempt,,,SuspiciousActivity,,TRUE
IpAddress,167.99.164.160,,Block,High,Apache Log4j RCE Attempt,Apache Log4j RCE Attempt,,,SuspiciousActivity,,TRUE
IpAddress,172.106.17.218,,Block,High,Apache Log4j RCE Attempt,Apache Log4j RCE Attempt,,,SuspiciousActivity,,TRUE
IpAddress,178.17.171.150,,Block,High,Apache Log4j RCE Attempt,Apache Log4j RCE Attempt,,,SuspiciousActivity,,TRUE
IpAddress,178.20.55.16,,Block,High,Apache Log4j RCE Attempt,Apache Log4j RCE Attempt,,,SuspiciousActivity,,TRUE
IpAddress,185.10.68.168,,Block,High,Apache Log4j RCE Attempt,Apache Log4j RCE Attempt,,,SuspiciousActivity,,TRUE
IpAddress,185.14.97.147,,Block,High,Apache Log4j RCE Attempt,Apache Log4j RCE Attempt,,,SuspiciousActivity,,TRUE
IpAddress,185.38.175.130,,Block,High,Apache Log4j RCE Attempt,Apache Log4j RCE Attempt,,,SuspiciousActivity,,TRUE
IpAddress,185.38.175.131,,Block,High,Apache Log4j RCE Attempt,Apache Log4j RCE Attempt,,,SuspiciousActivity,,TRUE
IpAddress,185.100.86.128,,Block,High,Apache Log4j RCE Attempt,Apache Log4j RCE Attempt,,,SuspiciousActivity,,TRUE
IpAddress,185.107.70.56,,Block,High,Apache Log4j RCE Attempt,Apache Log4j RCE Attempt,,,SuspiciousActivity,,TRUE
IpAddress,185.129.61.4,,Block,High,Apache Log4j RCE Attempt,Apache Log4j RCE Attempt,,,SuspiciousActivity,,TRUE
IpAddress,185.130.44.108,,Block,High,Apache Log4j RCE Attempt,Apache Log4j RCE Attempt,,,SuspiciousActivity,,TRUE
IpAddress,185.165.168.77,,Block,High,Apache Log4j RCE Attempt,Apache Log4j RCE Attempt,,,SuspiciousActivity,,TRUE
IpAddress,185.220.100.251,,Block,High,Apache Log4j RCE Attempt,Apache Log4j RCE Attempt,,,SuspiciousActivity,,TRUE
IpAddress,185.220.101.38,,Block,High,Apache Log4j RCE Attempt,Apache Log4j RCE Attempt,,,SuspiciousActivity,,TRUE
IpAddress,185.220.101.39,,Block,High,Apache Log4j RCE Attempt,Apache Log4j RCE Attempt,,,SuspiciousActivity,,TRUE
IpAddress,185.220.101.44,,Block,High,Apache Log4j RCE Attempt,Apache Log4j RCE Attempt,,,SuspiciousActivity,,TRUE
IpAddress,185.220.101.50,,Block,High,Apache Log4j RCE Attempt,Apache Log4j RCE Attempt,,,SuspiciousActivity,,TRUE
IpAddress,185.220.101.51,,Block,High,Apache Log4j RCE Attempt,Apache Log4j RCE Attempt,,,SuspiciousActivity,,TRUE
IpAddress,185.220.101.52,,Block,High,Apache Log4j RCE Attempt,Apache Log4j RCE Attempt,,,SuspiciousActivity,,TRUE
IpAddress,185.220.101.53,,Block,High,Apache Log4j RCE Attempt,Apache Log4j RCE Attempt,,,SuspiciousActivity,,TRUE
IpAddress,185.220.101.58,,Block,High,Apache Log4j RCE Attempt,Apache Log4j RCE Attempt,,,SuspiciousActivity,,TRUE
IpAddress,185.220.101.62,,Block,High,Apache Log4j RCE Attempt,Apache Log4j RCE Attempt,,,SuspiciousActivity,,TRUE
IpAddress,185.220.101.63,,Block,High,Apache Log4j RCE Attempt,Apache Log4j RCE Attempt,,,SuspiciousActivity,,TRUE
IpAddress,185.220.101.131,,Block,High,Apache Log4j RCE Attempt,Apache Log4j RCE Attempt,,,SuspiciousActivity,,TRUE
IpAddress,185.220.101.132,,Block,High,Apache Log4j RCE Attempt,Apache Log4j RCE Attempt,,,SuspiciousActivity,,TRUE
IpAddress,185.220.101.135,,Block,High,Apache Log4j RCE Attempt,Apache Log4j RCE Attempt,,,SuspiciousActivity,,TRUE
IpAddress,185.220.101.150,,Block,High,Apache Log4j RCE Attempt,Apache Log4j RCE Attempt,,,SuspiciousActivity,,TRUE
IpAddress,185.220.101.151,,Block,High,Apache Log4j RCE Attempt,Apache Log4j RCE Attempt,,,SuspiciousActivity,,TRUE
IpAddress,185.220.101.152,,Block,High,Apache Log4j RCE Attempt,Apache Log4j RCE Attempt,,,SuspiciousActivity,,TRUE
IpAddress,185.220.101.162,,Block,High,Apache Log4j RCE Attempt,Apache Log4j RCE Attempt,,,SuspiciousActivity,,TRUE
IpAddress,185.220.101.164,,Block,High,Apache Log4j RCE Attempt,Apache Log4j RCE Attempt,,,SuspiciousActivity,,TRUE
IpAddress,185.220.101.165,,Block,High,Apache Log4j RCE Attempt,Apache Log4j RCE Attempt,,,SuspiciousActivity,,TRUE
IpAddress,185.220.101.167,,Block,High,Apache Log4j RCE Attempt,Apache Log4j RCE Attempt,,,SuspiciousActivity,,TRUE
IpAddress,185.220.101.183,,Block,High,Apache Log4j RCE Attempt,Apache Log4j RCE Attempt,,,SuspiciousActivity,,TRUE
IpAddress,185.220.101.184,,Block,High,Apache Log4j RCE Attempt,Apache Log4j RCE Attempt,,,SuspiciousActivity,,TRUE
IpAddress,185.220.102.7,,Block,High,Apache Log4j RCE Attempt,Apache Log4j RCE Attempt,,,SuspiciousActivity,,TRUE
IpAddress,185.220.102.241,,Block,High,Apache Log4j RCE Attempt,Apache Log4j RCE Attempt,,,SuspiciousActivity,,TRUE
IpAddress,185.220.102.246,,Block,High,Apache Log4j RCE Attempt,Apache Log4j RCE Attempt,,,SuspiciousActivity,,TRUE
IpAddress,185.220.102.252,,Block,High,Apache Log4j RCE Attempt,Apache Log4j RCE Attempt,,,SuspiciousActivity,,TRUE
IpAddress,185.220.102.253,,Block,High,Apache Log4j RCE Attempt,Apache Log4j RCE Attempt,,,SuspiciousActivity,,TRUE
IpAddress,185.220.102.254,,Block,High,Apache Log4j RCE Attempt,Apache Log4j RCE Attempt,,,SuspiciousActivity,,TRUE
IpAddress,185.220.103.4,,Block,High,Apache Log4j RCE Attempt,Apache Log4j RCE Attempt,,,SuspiciousActivity,,TRUE
IpAddress,185.220.103.119,,Block,High,Apache Log4j RCE Attempt,Apache Log4j RCE Attempt,,,SuspiciousActivity,,TRUE
IpAddress,185.232.23.46,,Block,High,Apache Log4j RCE Attempt,Apache Log4j RCE Attempt,,,SuspiciousActivity,,TRUE
IpAddress,193.110.95.34,,Block,High,Apache Log4j RCE Attempt,Apache Log4j RCE Attempt,,,SuspiciousActivity,,TRUE
IpAddress,193.189.100.201,,Block,High,Apache Log4j RCE Attempt,Apache Log4j RCE Attempt,,,SuspiciousActivity,,TRUE
IpAddress,194.135.33.152,,Block,High,Apache Log4j RCE Attempt,Apache Log4j RCE Attempt,,,SuspiciousActivity,,TRUE
IpAddress,195.176.3.19,,Block,High,Apache Log4j RCE Attempt,Apache Log4j RCE Attempt,,,SuspiciousActivity,,TRUE
IpAddress,195.206.105.217,,Block,High,Apache Log4j RCE Attempt,Apache Log4j RCE Attempt,,,SuspiciousActivity,,TRUE
IpAddress,198.98.60.19,,Block,High,Apache Log4j RCE Attempt,Apache Log4j RCE Attempt,,,SuspiciousActivity,,TRUE
IpAddress,209.141.45.189,,Block,High,Apache Log4j RCE Attempt,Apache Log4j RCE Attempt,,,SuspiciousActivity,,TRUE
IpAddress,212.192.246.95,,Block,High,Apache Log4j RCE Attempt,Apache Log4j RCE Attempt,,,SuspiciousActivity,,TRUE
IpAddress,212.193.30.142,,Block,High,Apache Log4j RCE Attempt,Apache Log4j RCE Attempt,,,SuspiciousActivity,,TRUE
IpAddress,213.202.216.189,,Block,High,Apache Log4j RCE Attempt,Apache Log4j RCE Attempt,,,SuspiciousActivity,,TRUE
IpAddress,1.116.59.211,,Block,High,Apache Log4j RCE Attempt,Apache Log4j RCE Attempt,,,SuspiciousActivity,,TRUE
IpAddress,5.157.38.50,,Block,High,Apache Log4j RCE Attempt,Apache Log4j RCE Attempt,,,SuspiciousActivity,,TRUE
IpAddress,5.182.210.216,,Block,High,Apache Log4j RCE Attempt,Apache Log4j RCE Attempt,,,SuspiciousActivity,,TRUE
IpAddress,20.205.104.227,,Block,High,Apache Log4j RCE Attempt,Apache Log4j RCE Attempt,,,SuspiciousActivity,,TRUE
IpAddress,45.153.160.2,,Block,High,Apache Log4j RCE Attempt,Apache Log4j RCE Attempt,,,SuspiciousActivity,,TRUE
IpAddress,45.153.160.130,,Block,High,Apache Log4j RCE Attempt,Apache Log4j RCE Attempt,,,SuspiciousActivity,,TRUE
IpAddress,45.153.160.134,,Block,High,Apache Log4j RCE Attempt,Apache Log4j RCE Attempt,,,SuspiciousActivity,,TRUE
IpAddress,46.105.95.220,,Block,High,Apache Log4j RCE Attempt,Apache Log4j RCE Attempt,,,SuspiciousActivity,,TRUE
IpAddress,51.15.43.205,,Block,High,Apache Log4j RCE Attempt,Apache Log4j RCE Attempt,,,SuspiciousActivity,,TRUE
IpAddress,54.173.99.121,,Block,High,Apache Log4j RCE Attempt,Apache Log4j RCE Attempt,,,SuspiciousActivity,,TRUE
IpAddress,60.31.180.149,,Block,High,Apache Log4j RCE Attempt,Apache Log4j RCE Attempt,,,SuspiciousActivity,,TRUE
IpAddress,61.19.25.207,,Block,High,Apache Log4j RCE Attempt,Apache Log4j RCE Attempt,,,SuspiciousActivity,,TRUE
IpAddress,62.76.41.46,,Block,High,Apache Log4j RCE Attempt,Apache Log4j RCE Attempt,,,SuspiciousActivity,,TRUE
IpAddress,68.79.17.59,,Block,High,Apache Log4j RCE Attempt,Apache Log4j RCE Attempt,,,SuspiciousActivity,,TRUE
IpAddress,68.183.44.143,,Block,High,Apache Log4j RCE Attempt,Apache Log4j RCE Attempt,,,SuspiciousActivity,,TRUE
IpAddress,89.249.63.3,,Block,High,Apache Log4j RCE Attempt,Apache Log4j RCE Attempt,,,SuspiciousActivity,,TRUE
IpAddress,103.103.0.142,,Block,High,Apache Log4j RCE Attempt,Apache Log4j RCE Attempt,,,SuspiciousActivity,,TRUE
IpAddress,104.244.72.115,,Block,High,Apache Log4j RCE Attempt,Apache Log4j RCE Attempt,,,SuspiciousActivity,,TRUE
IpAddress,104.244.72.129,,Block,High,Apache Log4j RCE Attempt,Apache Log4j RCE Attempt,,,SuspiciousActivity,,TRUE
IpAddress,104.244.77.235,,Block,High,Apache Log4j RCE Attempt,Apache Log4j RCE Attempt,,,SuspiciousActivity,,TRUE
IpAddress,107.189.29.41,,Block,High,Apache Log4j RCE Attempt,Apache Log4j RCE Attempt,,,SuspiciousActivity,,TRUE
IpAddress,107.189.31.241,,Block,High,Apache Log4j RCE Attempt,Apache Log4j RCE Attempt,,,SuspiciousActivity,,TRUE
IpAddress,109.237.96.124,,Block,High,Apache Log4j RCE Attempt,Apache Log4j RCE Attempt,,,SuspiciousActivity,,TRUE
IpAddress,121.4.56.143,,Block,High,Apache Log4j RCE Attempt,Apache Log4j RCE Attempt,,,SuspiciousActivity,,TRUE
IpAddress,137.184.28.58,,Block,High,Apache Log4j RCE Attempt,Apache Log4j RCE Attempt,,,SuspiciousActivity,,TRUE
IpAddress,137.184.99.8,,Block,High,Apache Log4j RCE Attempt,Apache Log4j RCE Attempt,,,SuspiciousActivity,,TRUE
IpAddress,137.184.104.73,,Block,High,Apache Log4j RCE Attempt,Apache Log4j RCE Attempt,,,SuspiciousActivity,,TRUE
IpAddress,137.184.111.180,,Block,High,Apache Log4j RCE Attempt,Apache Log4j RCE Attempt,,,SuspiciousActivity,,TRUE
IpAddress,142.93.151.166,,Block,High,Apache Log4j RCE Attempt,Apache Log4j RCE Attempt,,,SuspiciousActivity,,TRUE
IpAddress,146.56.131.161,,Block,High,Apache Log4j RCE Attempt,Apache Log4j RCE Attempt,,,SuspiciousActivity,,TRUE
IpAddress,147.182.131.229,,Block,High,Apache Log4j RCE Attempt,Apache Log4j RCE Attempt,,,SuspiciousActivity,,TRUE
IpAddress,147.182.154.100,,Block,High,Apache Log4j RCE Attempt,Apache Log4j RCE Attempt,,,SuspiciousActivity,,TRUE
IpAddress,157.230.32.67,,Block,High,Apache Log4j RCE Attempt,Apache Log4j RCE Attempt,,,SuspiciousActivity,,TRUE
IpAddress,159.223.9.17,,Block,High,Apache Log4j RCE Attempt,Apache Log4j RCE Attempt,,,SuspiciousActivity,,TRUE
IpAddress,167.71.13.196,,Block,High,Apache Log4j RCE Attempt,Apache Log4j RCE Attempt,,,SuspiciousActivity,,TRUE
IpAddress,167.99.164.201,,Block,High,Apache Log4j RCE Attempt,Apache Log4j RCE Attempt,,,SuspiciousActivity,,TRUE
IpAddress,170.210.45.163,,Block,High,Apache Log4j RCE Attempt,Apache Log4j RCE Attempt,,,SuspiciousActivity,,TRUE
IpAddress,171.25.193.25,,Block,High,Apache Log4j RCE Attempt,Apache Log4j RCE Attempt,,,SuspiciousActivity,,TRUE
IpAddress,171.25.193.78,,Block,High,Apache Log4j RCE Attempt,Apache Log4j RCE Attempt,,,SuspiciousActivity,,TRUE
IpAddress,175.6.210.66,,Block,High,Apache Log4j RCE Attempt,Apache Log4j RCE Attempt,,,SuspiciousActivity,,TRUE
IpAddress,176.10.104.240,,Block,High,Apache Log4j RCE Attempt,Apache Log4j RCE Attempt,,,SuspiciousActivity,,TRUE
IpAddress,178.176.202.121,,Block,High,Apache Log4j RCE Attempt,Apache Log4j RCE Attempt,,,SuspiciousActivity,,TRUE
IpAddress,178.176.203.190,,Block,High,Apache Log4j RCE Attempt,Apache Log4j RCE Attempt,,,SuspiciousActivity,,TRUE
IpAddress,179.43.187.138,,Block,High,Apache Log4j RCE Attempt,Apache Log4j RCE Attempt,,,SuspiciousActivity,,TRUE
IpAddress,185.4.132.183,,Block,High,Apache Log4j RCE Attempt,Apache Log4j RCE Attempt,,,SuspiciousActivity,,TRUE
IpAddress,185.220.100.241,,Block,High,Apache Log4j RCE Attempt,Apache Log4j RCE Attempt,,,SuspiciousActivity,,TRUE
IpAddress,185.220.100.244,,Block,High,Apache Log4j RCE Attempt,Apache Log4j RCE Attempt,,,SuspiciousActivity,,TRUE
IpAddress,185.220.100.248,,Block,High,Apache Log4j RCE Attempt,Apache Log4j RCE Attempt,,,SuspiciousActivity,,TRUE
IpAddress,185.220.100.255,,Block,High,Apache Log4j RCE Attempt,Apache Log4j RCE Attempt,,,SuspiciousActivity,,TRUE
IpAddress,185.220.101.32,,Block,High,Apache Log4j RCE Attempt,Apache Log4j RCE Attempt,,,SuspiciousActivity,,TRUE
IpAddress,185.220.101.57,,Block,High,Apache Log4j RCE Attempt,Apache Log4j RCE Attempt,,,SuspiciousActivity,,TRUE
IpAddress,185.220.101.60,,Block,High,Apache Log4j RCE Attempt,Apache Log4j RCE Attempt,,,SuspiciousActivity,,TRUE
IpAddress,185.220.101.133,,Block,High,Apache Log4j RCE Attempt,Apache Log4j RCE Attempt,,,SuspiciousActivity,,TRUE
IpAddress,185.220.101.144,,Block,High,Apache Log4j RCE Attempt,Apache Log4j RCE Attempt,,,SuspiciousActivity,,TRUE
IpAddress,185.220.101.155,,Block,High,Apache Log4j RCE Attempt,Apache Log4j RCE Attempt,,,SuspiciousActivity,,TRUE
IpAddress,185.220.101.156,,Block,High,Apache Log4j RCE Attempt,Apache Log4j RCE Attempt,,,SuspiciousActivity,,TRUE
IpAddress,185.220.101.169,,Block,High,Apache Log4j RCE Attempt,Apache Log4j RCE Attempt,,,SuspiciousActivity,,TRUE
IpAddress,185.220.101.170,,Block,High,Apache Log4j RCE Attempt,Apache Log4j RCE Attempt,,,SuspiciousActivity,,TRUE
IpAddress,185.220.101.171,,Block,High,Apache Log4j RCE Attempt,Apache Log4j RCE Attempt,,,SuspiciousActivity,,TRUE
IpAddress,185.220.101.172,,Block,High,Apache Log4j RCE Attempt,Apache Log4j RCE Attempt,,,SuspiciousActivity,,TRUE
IpAddress,185.220.101.174,,Block,High,Apache Log4j RCE Attempt,Apache Log4j RCE Attempt,,,SuspiciousActivity,,TRUE
IpAddress,185.220.101.175,,Block,High,Apache Log4j RCE Attempt,Apache Log4j RCE Attempt,,,SuspiciousActivity,,TRUE
IpAddress,185.220.101.176,,Block,High,Apache Log4j RCE Attempt,Apache Log4j RCE Attempt,,,SuspiciousActivity,,TRUE
IpAddress,185.220.101.177,,Block,High,Apache Log4j RCE Attempt,Apache Log4j RCE Attempt,,,SuspiciousActivity,,TRUE
IpAddress,185.220.101.178,,Block,High,Apache Log4j RCE Attempt,Apache Log4j RCE Attempt,,,SuspiciousActivity,,TRUE
IpAddress,185.220.101.179,,Block,High,Apache Log4j RCE Attempt,Apache Log4j RCE Attempt,,,SuspiciousActivity,,TRUE
IpAddress,185.220.101.180,,Block,High,Apache Log4j RCE Attempt,Apache Log4j RCE Attempt,,,SuspiciousActivity,,TRUE
IpAddress,185.220.101.181,,Block,High,Apache Log4j RCE Attempt,Apache Log4j RCE Attempt,,,SuspiciousActivity,,TRUE
IpAddress,185.220.101.182,,Block,High,Apache Log4j RCE Attempt,Apache Log4j RCE Attempt,,,SuspiciousActivity,,TRUE
IpAddress,185.220.101.187,,Block,High,Apache Log4j RCE Attempt,Apache Log4j RCE Attempt,,,SuspiciousActivity,,TRUE
IpAddress,185.220.101.188,,Block,High,Apache Log4j RCE Attempt,Apache Log4j RCE Attempt,,,SuspiciousActivity,,TRUE
IpAddress,185.220.101.190,,Block,High,Apache Log4j RCE Attempt,Apache Log4j RCE Attempt,,,SuspiciousActivity,,TRUE
IpAddress,185.220.102.249,,Block,High,Apache Log4j RCE Attempt,Apache Log4j RCE Attempt,,,SuspiciousActivity,,TRUE
IpAddress,188.166.223.38,,Block,High,Apache Log4j RCE Attempt,Apache Log4j RCE Attempt,,,SuspiciousActivity,,TRUE
IpAddress,191.232.38.25,,Block,High,Apache Log4j RCE Attempt,Apache Log4j RCE Attempt,,,SuspiciousActivity,,TRUE
IpAddress,195.19.192.26,,Block,High,Apache Log4j RCE Attempt,Apache Log4j RCE Attempt,,,SuspiciousActivity,,TRUE
IpAddress,195.251.41.139,,Block,High,Apache Log4j RCE Attempt,Apache Log4j RCE Attempt,,,SuspiciousActivity,,TRUE
IpAddress,197.246.171.83,,Block,High,Apache Log4j RCE Attempt,Apache Log4j RCE Attempt,,,SuspiciousActivity,,TRUE
IpAddress,211.154.194.21,,Block,High,Apache Log4j RCE Attempt,Apache Log4j RCE Attempt,,,SuspiciousActivity,,TRUE
IpAddress,212.193.57.225,,Block,High,Apache Log4j RCE Attempt,Apache Log4j RCE Attempt,,,SuspiciousActivity,,TRUE
IpAddress,221.199.187.100,,Block,High,Apache Log4j RCE Attempt,Apache Log4j RCE Attempt,,,SuspiciousActivity,,TRUE
IpAddress,1.14.17.89,,Block,High,Apache Log4j RCE Attempt,Apache Log4j RCE Attempt,,,SuspiciousActivity,,TRUE
IpAddress,1.209.249.188,,Block,High,Apache Log4j RCE Attempt,Apache Log4j RCE Attempt,,,SuspiciousActivity,,TRUE
IpAddress,37.19.212.104,,Block,High,Apache Log4j RCE Attempt,Apache Log4j RCE Attempt,,,SuspiciousActivity,,TRUE
IpAddress,66.220.242.222,,Block,High,Apache Log4j RCE Attempt,Apache Log4j RCE Attempt,,,SuspiciousActivity,,TRUE
IpAddress,91.245.81.65,,Block,High,Apache Log4j RCE Attempt,Apache Log4j RCE Attempt,,,SuspiciousActivity,,TRUE
IpAddress,103.90.239.209,,Block,High,Apache Log4j RCE Attempt,Apache Log4j RCE Attempt,,,SuspiciousActivity,,TRUE
IpAddress,103.103.0.141,,Block,High,Apache Log4j RCE Attempt,Apache Log4j RCE Attempt,,,SuspiciousActivity,,TRUE
IpAddress,121.5.219.20,,Block,High,Apache Log4j RCE Attempt,Apache Log4j RCE Attempt,,,SuspiciousActivity,,TRUE
IpAddress,145.220.24.19,,Block,High,Apache Log4j RCE Attempt,Apache Log4j RCE Attempt,,,SuspiciousActivity,,TRUE
IpAddress,150.158.189.96,,Block,High,Apache Log4j RCE Attempt,Apache Log4j RCE Attempt,,,SuspiciousActivity,,TRUE
IpAddress,178.17.171.102,,Block,High,Apache Log4j RCE Attempt,Apache Log4j RCE Attempt,,,SuspiciousActivity,,TRUE
IpAddress,185.107.47.215,,Block,High,Apache Log4j RCE Attempt,Apache Log4j RCE Attempt,,,SuspiciousActivity,,TRUE
IpAddress,195.123.247.209,,Block,High,Apache Log4j RCE Attempt,Apache Log4j RCE Attempt,,,SuspiciousActivity,,TRUE
IpAddress,197.246.171.111,,Block,High,Apache Log4j RCE Attempt,Apache Log4j RCE Attempt,,,SuspiciousActivity,,TRUE
IpAddress,209.127.17.234,,Block,High,Apache Log4j RCE Attempt,Apache Log4j RCE Attempt,,,SuspiciousActivity,,TRUE
IpAddress,209.141.45.227,,Block,High,Apache Log4j RCE Attempt,Apache Log4j RCE Attempt,,,SuspiciousActivity,,TRUE
IpAddress,45.154.255.147,,Block,High,Apache Log4j RCE Attempt,Apache Log4j RCE Attempt,,,SuspiciousActivity,,TRUE
IpAddress,45.129.56.200,,Block,High,Log4j Suspected Exploit Attempt,Log4j Execution attempt,,,SuspiciousActivity,,TRUE
IpAddress,185.220.100.243,,Block,High,Apache Log4j RCE Attempt,Apache Log4j RCE Attempt,,,SuspiciousActivity,,TRUE
IpAddress,139.59.96.42,,Block,High,Apache Log4j RCE Attempt,Apache Log4j RCE Attempt,,,SuspiciousActivity,,TRUE
IpAddress,45.155.205.233,,Block,High,Apache Log4j RCE Attempt,Apache Log4j RCE Attempt,,,SuspiciousActivity,,TRUE
IpAddress,137.184.98.176,,Block,High,Apache Log4j RCE Attempt,Apache Log4j RCE Attempt,,,SuspiciousActivity,,TRUE
IpAddress,20.71.156.146,,Block,High,Apache Log4j RCE Attempt,Apache Log4j RCE Attempt,,,SuspiciousActivity,,TRUE
